{"cameraMode":{"drawMode":0,"name":"Shaded","section":"Shading Mode"},"sceneLighting":true,"audioPlay":false,"sceneViewState":{"showFog":true,"showMaterialUpdate":true,"showSkybox":true,"showFlares":true,"showImageEffects":true,"showParticleSystems":true},"in2DMode":false,"pivot":{"x":-48.70286178588867,"y":11.523508071899414,"z":-1.3827083110809327},"rotation":{"x":-0.008253918029367924,"y":-0.9243327975273132,"z":0.3809713125228882,"w":-0.0200419332832098},"size":2.0748605728149416,"orthographic":false}