{"cameraMode":{"drawMode":0,"name":"Shaded","section":"Shading Mode"},"sceneLighting":true,"audioPlay":false,"sceneViewState":{"showFog":true,"showMaterialUpdate":false,"showSkybox":true,"showFlares":true,"showImageEffects":true,"showParticleSystems":true},"in2DMode":false,"pivot":{"x":-52.84312438964844,"y":9.438472747802735,"z":-4.124709129333496},"rotation":{"x":0.12974469363689423,"y":-0.7759443521499634,"z":0.16960212588310243,"w":0.593558669090271},"size":5.7157673835754398,"orthographic":false}