{"cameraMode":{"drawMode":0,"name":"Shaded","section":"Shading Mode"},"sceneLighting":true,"audioPlay":false,"sceneViewState":{"showFog":true,"showMaterialUpdate":false,"showSkybox":true,"showFlares":true,"showImageEffects":true,"showParticleSystems":true},"in2DMode":false,"pivot":{"x":-98.73795318603516,"y":17.427505493164064,"z":-21.86814308166504},"rotation":{"x":0.18137118220329286,"y":0.5410175919532776,"z":-0.12081093341112137,"w":0.8122864961624146},"size":5.7157673835754398,"orthographic":false}