{"cameraMode":{"drawMode":0,"name":"Shaded","section":"Shading Mode"},"sceneLighting":true,"audioPlay":false,"sceneViewState":{"showFog":true,"showMaterialUpdate":false,"showSkybox":true,"showFlares":true,"showImageEffects":true,"showParticleSystems":true},"in2DMode":false,"pivot":{"x":-84.48362731933594,"y":7.600417137145996,"z":-39.22307586669922},"rotation":{"x":-0.052873868495225909,"y":-0.06113205850124359,"z":0.0032472889870405199,"w":-0.9967229962348938},"size":4.466622352600098,"orthographic":false}