{"cameraMode":{"drawMode":0,"name":"Shaded","section":"Shading Mode"},"sceneLighting":true,"audioPlay":false,"sceneViewState":{"showFog":true,"showMaterialUpdate":true,"showSkybox":true,"showFlares":true,"showImageEffects":true,"showParticleSystems":true},"in2DMode":false,"pivot":{"x":-98.46029663085938,"y":24.00541114807129,"z":-10.355369567871094},"rotation":{"x":0.10733587294816971,"y":-0.8531570434570313,"z":0.19392365217208863,"w":0.4722243547439575},"size":6.932918071746826,"orthographic":false}