{"cameraMode":{"drawMode":0,"name":"Shaded","section":"Shading Mode"},"sceneLighting":true,"audioPlay":false,"sceneViewState":{"showFog":true,"showMaterialUpdate":true,"showSkybox":true,"showFlares":true,"showImageEffects":true,"showParticleSystems":true},"in2DMode":false,"pivot":{"x":-11.521211624145508,"y":5.316226482391357,"z":-9.116536140441895},"rotation":{"x":0.058470718562603,"y":-0.9370362162590027,"z":0.28619757294654848,"w":0.19140388071537019},"size":2.0748605728149416,"orthographic":false}