{"cameraMode":{"drawMode":0,"name":"Shaded","section":"Shading Mode"},"sceneLighting":true,"audioPlay":false,"sceneViewState":{"showFog":true,"showMaterialUpdate":true,"showSkybox":true,"showFlares":true,"showImageEffects":true,"showParticleSystems":true},"in2DMode":false,"pivot":{"x":-100.49134826660156,"y":2.788140296936035,"z":-5.571437358856201},"rotation":{"x":-0.18524684011936189,"y":-0.584394633769989,"z":0.13921670615673066,"w":-0.777679443359375},"size":24.00621795654297,"orthographic":false}