{"cameraMode":{"drawMode":0,"name":"Shaded","section":"Shading Mode"},"sceneLighting":true,"audioPlay":false,"sceneViewState":{"showFog":true,"showMaterialUpdate":true,"showSkybox":true,"showFlares":true,"showImageEffects":true,"showParticleSystems":true},"in2DMode":false,"pivot":{"x":-91.3021240234375,"y":6.219951152801514,"z":1.112212896347046},"rotation":{"x":-0.08243148028850556,"y":-0.9168685078620911,"z":0.2941476106643677,"w":-0.2569716274738312},"size":41.42253494262695,"orthographic":false}