{"cameraMode":{"drawMode":0,"name":"Shaded","section":"Shading Mode"},"sceneLighting":false,"audioPlay":false,"sceneViewState":{"showFog":true,"showMaterialUpdate":true,"showSkybox":true,"showFlares":true,"showImageEffects":true,"showParticleSystems":true},"in2DMode":false,"pivot":{"x":-85.33439636230469,"y":-44.060096740722659,"z":-21.32917022705078},"rotation":{"x":0.18367797136306764,"y":-0.7395130395889282,"z":0.22346220910549165,"w":0.607822060585022},"size":101.41120147705078,"orthographic":false}