{"cameraMode":{"drawMode":0,"name":"Shaded","section":"Shading Mode"},"sceneLighting":true,"audioPlay":false,"sceneViewState":{"showFog":true,"showMaterialUpdate":false,"showSkybox":true,"showFlares":true,"showImageEffects":true,"showParticleSystems":true},"in2DMode":false,"pivot":{"x":-105.87486267089844,"y":-3.878628730773926,"z":-6.02419900894165},"rotation":{"x":0.05812181532382965,"y":0.9414432644844055,"z":-0.24901136755943299,"w":0.21977245807647706},"size":23.407678604125978,"orthographic":false}