{"cameraMode":{"drawMode":0,"name":"Shaded","section":"Shading Mode"},"sceneLighting":true,"audioPlay":false,"sceneViewState":{"showFog":true,"showMaterialUpdate":true,"showSkybox":true,"showFlares":true,"showImageEffects":true,"showParticleSystems":true},"in2DMode":false,"pivot":{"x":-74.74978637695313,"y":6.527988433837891,"z":-7.514562129974365},"rotation":{"x":-0.0518212653696537,"y":0.7800586223602295,"z":-0.06516660749912262,"w":-0.6201423406600952},"size":2.130929946899414,"orthographic":false}